Workbook

Sheet Painel
A1: DevFox — Painel de acompanhamento
A2: Atualiza sozinho a partir das abas Tarefas e Cronograma. Não precisa editar nada aqui.
A4: PRAZO | D4: PROGRESSO
A5: Entrega | B5: =Cronograma!$C$5 -> 46357 | D5: Tarefas no plano | E5: =COUNTA(Tarefas!$A$5:$A$34) -> 30
A6: Hoje | B6: =TODAY() -> 46286 | D6: Concluídas | E6: =COUNTIF(Tarefas!$F$5:$F$34,"Concluído") -> 4
A7: Dias restantes | B7: =MAX(0,Cronograma!$C$5-TODAY()) -> 71 | D7: % concluído | E7: =IFERROR(E6/E5,0) -> 0.13333333
A8: Semanas restantes | B8: =MAX(0,(Cronograma!$C$5-TODAY())/7) -> 10.142857 | D8: Horas restantes (estimativa) | E8: =SUMIF(Tarefas!$F$5:$F$34,"<>Concluído",Tarefas!$H$5:$H$34) -> 57.25
A9: Semana atual do plano | B9: =IF(TODAY()<Cronograma!$C$4,"antes do início",IF(TODAY()>Cronograma!$C$17,"reta final",INT((TODAY()-Cronograma!$C$4)/7)+1)) -> 1 | D9: Horas por semana até a entrega | E9: =IFERROR(E8/MAX(1,B8),0) -> 5.6443662
A12: POR STATUS | D12: PENDENTES POR PRIORIDADE
A13: A fazer | B13: =COUNTIF(Tarefas!$F$5:$F$34,"A fazer") -> 23 | D13: Crítica | E13: =COUNTIFS(Tarefas!$E$5:$E$34,"Crítica",Tarefas!$F$5:$F$34,"<>Concluído") -> 1
A14: Em andamento | B14: =COUNTIF(Tarefas!$F$5:$F$34,"Em andamento") -> 2 | D14: Alta | E14: =COUNTIFS(Tarefas!$E$5:$E$34,"Alta",Tarefas!$F$5:$F$34,"<>Concluído") -> 17
A15: Concluído | B15: =COUNTIF(Tarefas!$F$5:$F$34,"Concluído") -> 4 | D15: Média | E15: =COUNTIFS(Tarefas!$E$5:$E$34,"Média",Tarefas!$F$5:$F$34,"<>Concluído") -> 7
A16: Bloqueado | B16: =COUNTIF(Tarefas!$F$5:$F$34,"Bloqueado") -> 0 | D16: Baixa | E16: =COUNTIFS(Tarefas!$E$5:$E$34,"Baixa",Tarefas!$F$5:$F$34,"<>Concluído") -> 1
A17: Com o colega | B17: =COUNTIF(Tarefas!$F$5:$F$34,"Com o colega") -> 1 | D17: ⚠ Se "Crítica" não for 0 no fim da semana 1, o plano já começou atrasado.
A20: O QUE A ANÁLISE DE 21/09 ENCONTROU
A21: • Loja entregue em 21/09 — o banco precisa ir para a v5.
A22: Sem reimportar banco.sql (ou rodar migracao_v4_para_v5.sql), toda página logada quebra com "Unknown column u.moldura_id".
A24: • A confirmação com o orientador está parada há 3 semanas.
A25: É conversa de 10 minutos e é a única coisa que pode invalidar o plano inteiro. → T04
A27: • Sobra tempo — e isso é uma oportunidade, não folga.
A28: O código que falta cabe em 3 semanas. As outras 7 permitem o que a maioria dos TCCs não tem: teste com usuários reais, que vira a seção de resultados. → T18
A30: • Todos os itens do menu e do topo funcionam.
A31: Início, Desafios, Configurações e o sino entraram em 21/09. Nenhum elemento clicável leva a lugar nenhum.
A33: COMO USAR
A34: 1. Aba Tarefas: atualize Status, Responsável, Semana e Observações (cabeçalho laranja). O resto é o plano.
A35: 2. Mudou uma tarefa de semana? Troque o número na coluna Semana — Início e Fim se ajustam sozinhos.
... A37: 4. Aba Concluído: o que já foi entregue, com onde está a evidência no repositório. Serve de roteiro para a monografia.

Sheet Tarefas
A1: DevFox — o que falta até a entrega de 01/12/2026
A2: Colunas com cabeçalho LARANJA são as que o time preenche: Status, Responsável, Semana e Observações. As demais são o plano. Início e Fim vêm do Cronograma — mude a Semana e as datas acompanham.
A4: ID | B4: Frente | C4: Tarefa | D4: Por que importa | E4: Prioridade | F4: Status | G4: Responsável | H4: Esforço (h) | I4: Origem | J4: Semana | K4: Início | L4: Fim | M4: Critério de pronto | N4: Observações
A5: T01 | B5: Infraestrutura | C5: Commitar a Administração (DEV-9) e o CSRF (DEV-13) | D5: Está no disco desde 19/09 01:35, mas o último commit é de 01:20. É o maior pedaço de trabalho do projeto SEM backup — um HD que falhe hoje leva junto. | E5: Crítica | F5: Concluído | G5: Murilo | H5: 0.25 | I5: Análise 21/09 | J5: 1 | K5: =IFERROR(INDEX(Cronograma!$B$8:$B$17,MATCH(J5,Cronograma!$A$8:$A$17,0)),"") -> 46286 | L5: =IFERROR(INDEX(Cronograma!$C$8:$C$17,MATCH(J5,Cronograma!$A$8:$A$17,0)),"") -> 46292 | M5: "git status" limpo e o commit aparece no GitHub.
A6: T02 | B6: Infraestrutura | C6: Apagar diagnostico.php e o arquivo vazio "v3" da pasta | D6: O diagnostico.php expõe a estrutura do banco — ferramenta de desenvolvimento que não pode chegar à produção. O "v3" (0 bytes, criado 19/09 00:11) é resto de comando. | E6: Alta | F6: Concluído | G6: Murilo | H6: 0.1 | I6: Análise 21/09 | J6: 1 | K6: =IFERROR(INDEX(Cronograma!$B$8:$B$17,MATCH(J6,Cronograma!$A$8:$A$17,0)),"") -> 46286 | L6: =IFERROR(INDEX(Cronograma!$C$8:$C$17,MATCH(J6,Cronograma!$A$8:$A$17,0)),"") -> 46292 | M6: Nenhum dos dois arquivos existe; "git status" não os lista.
A7: T03 | B7: Infraestrutura | C7: Conferir que o banco local está no schema v4 | D7: As conquistas (DEV-12) dependem da tabela dicas_vistas. Sem ela, abrir uma dica quebra a tela. | E7: Alta | F7: Concluído | G7: Murilo | H7: 0.25 | I7: Análise 21/09 | J7: 1 | K7: =IFERROR(INDEX(Cronograma!$B$8:$B$17,MATCH(J7,Cronograma!$A$8:$A$17,0)),"") -> 46286 | L7: =IFERROR(INDEX(Cronograma!$C$8:$C$17,MATCH(J7,Cronograma!$A$8:$A$17,0)),"") -> 46292 | M7: "SHOW TABLES LIKE 'dicas_vistas'" retorna 1 linha. Se não retornar, reimportar banco.sql pelo cmd.
A8: T04 | B8: Validação | C8: Confirmar a stack com o orientador (DEV-4) | D8: Pendente desde 29/08 — há mais de 3 semanas. Se ele esperar framework ou outra stack, descobrir em novembro é tarde demais para mudar. | E8: Crítica | F8: A fazer | G8: Murilo | H8: 0.5 | I8: Backlog | J8: 1 | K8: =IFERROR(INDEX(Cronograma!$B$8:$B$17,MATCH(J8,Cronograma!$A$8:$A$17,0)),"") -> 46286 | L8: =IFERROR(INDEX(Cronograma!$C$8:$C$17,MATCH(J8,Cronograma!$A$8:$A$17,0)),"") -> 46292 | M8: Resposta do orientador registrada no AI_HANDOFF.md.
A9: T05 | B9: Infraestrutura | C9: Adicionar os colegas como colaboradores no GitHub (resto do DEV-2) | D9: O repositório é privado e só você tem acesso. Quem escreve a documentação precisa ler o código. | E9: Alta | F9: A fazer | G9: Murilo | H9: 0.25 | I9: Backlog | J9: 1 | K9: =IFERROR(INDEX(Cronograma!$B$8:$B$17,MATCH(J9,Cronograma!$A$8:$A$17,0)),"") -> 46286 | L9: =IFERROR(INDEX(Cronograma!$C$8:$C$17,MATCH(J9,Cronograma!$A$8:$A$17,0)),"") -> 46292 | M9: Cada colega consegue fazer "git clone".
A10: T06 | B10: Infraestrutura | C10: Rodar o sistema na máquina de cada colega (DEV-1) | D10: Até hoje só rodou na sua. Se só funciona num computador, a apresentação depende de um único aparelho. | E10: Alta | F10: Em andamento | G10: Time | H10: 2 | I10: Backlog | J10: 1 | K10: =IFERROR(INDEX(Cronograma!$B$8:$B$17,MATCH(J10,Cronograma!$A$8:$A$17,0)),"") -> 46286 | L10: =IFERROR(INDEX(Cronograma!$C$8:$C$17,MATCH(J10,Cronograma!$A$8:$A$17,0)),"") -> 46292 | M10: Cada integrante abre localhost/DevFox, faz login e conclui uma atividade.
A11: T07 | B11: Infraestrutura | C11: Definir quem faz o quê até a entrega (DEV-5) | D11: A documentação já tem dono. O resto (testes com usuários, slides, ensaio) ainda não. | E11: Média | F11: Em andamento | G11: Time | H11: 0.5 | I11: Backlog | J11: 1 | K11: =IFERROR(INDEX(Cronograma!$B$8:$B$17,MATCH(J11,Cronograma!$A$8:$A$17,0)),"") -> 46286 | L11: =IFERROR(INDEX(Cronograma!$C$8:$C$17,MATCH(J11,Cronograma!$A$8:$A$17,0)),"") -> 46292 | M11: Coluna "Responsável" desta planilha preenchida por completo.
A12: T08 | B12: Segurança | C12: CSRF nos formulários fora da Administração | D12: O DEV-13 cobriu só a Administração. Login, cadastro, prova e as APIs de desafio e dica ainda aceitam POST forjado. | E12: Alta | F12: A fazer | G12: Murilo | H12: 3 | I12: Backlog | J12: 2 | K12: =IFERROR(INDEX(Cronograma!$B$8:$B$17,MATCH(J12,Cronograma!$A$8:$A$17,0)),"") -> 46293 | L12: =IFERROR(INDEX(Cronograma!$C$8:$C$17,MATCH(J12,Cronograma!$A$8:$A$17,0)),"") -> 46299 | M12: POST sem token recusado com 403 em todas as telas; teste automatizado cobrindo.
A13: T09 | B13: Segurança | C13: Auditoria de XSS e SQL injection, arquivo por arquivo (DEV-14) | D13: É a pergunta técnica mais provável da banca. O código usa prepared statements e escape de saída, mas os arquivos herdados do protótipo nunca foram auditados um a um. | E13: Alta | F13: A fazer | G13: Murilo | H13: 4 | I13: Backlog | J13: 2 | K13: =IFERROR(INDEX(Cronograma!$B$8:$B$17,MATCH(J13,Cronograma!$A$8:$A$17,0)),"") -> 46293 | L13: =IFERROR(INDEX(Cronograma!$C$8:$C$17,MATCH(J13,Cronograma!$A$8:$A$17,0)),"") -> 46299 | M13: Cadastrar usuário com nome <script>alert(1)</script> não executa nada em nenhuma tela; nenhuma query concatena entrada do usuário.
A14: T10 | B14: Segurança | C14: Limitar tentativas de login (DEV-16) | D14: Sem limite, dá para testar senhas indefinidamente. Baixo risco num TCC, mas é pergunta clássica de banca. | E14: Média | F14: A fazer | G14: Murilo | H14: 3 | I14: Backlog | J14: 2 | K14: =IFERROR(INDEX(Cronograma!$B$8:$B$17,MATCH(J14,Cronograma!$A$8:$A$17,0)),"") -> 46293 | L14: =IFERROR(INDEX(Cronograma!$C$8:$C$17,MATCH(J14,Cronograma!$A$8:$A$17,0)),"") -> 46299 | M14: Após 5 tentativas erradas, o login fica bloqueado por alguns minutos.
A15: T11 | B15: Qualidade | C15: Decidir o destino da "Loja" e do sino de notificações | D15: LOJA FEITA em 21/09 (loja mínima, só cosméticos, schema v5). SINO FEITO em 21/09: painel com eventos reais e ponto só quando há novidade. | E15: Média | F15: Concluído | G15: Murilo | H15: 1 | I15: Análise 21/09 | J15: 2 | K15: =IFERROR(INDEX(Cronograma!$B$8:$B$17,MATCH(J15,Cronograma!$A$8:$A$17,0)),"") -> 46293 | L15: =IFERROR(INDEX(Cronograma!$C$8:$C$17,MATCH(J15,Cronograma!$A$8:$A$17,0)),"") -> 46299 | M15: Nenhum elemento clicável da interface leva a lugar nenhum.
A16: T12 | B16: Deploy | C16: Escolher a hospedagem (DEV-17) | D16: Precisa de PHP + MySQL — Vercel e Netlify NÃO servem. Opções: hospedagem compartilhada, Railway, Render, InfinityFree. | E16: Alta | F16: A fazer | G16: Murilo | H16: 2 | I16: Backlog | J16: 3 | K16: =IFERROR(INDEX(Cronograma!$B$8:$B$17,MATCH(J16,Cronograma!$A$8:$A$17,0)),"") -> 46300 | L16: =IFERROR(INDEX(Cronograma!$C$8:$C$17,MATCH(J16,Cronograma!$A$8:$A$17,0)),"") -> 46306 | M16: Hospedagem escolhida, conta criada e acessível ao time.
... A34: T30 | B34: Apresentação | C34: Semana de folga — nenhuma tarefa nova (DEV-21) | D34: É onde cabem os imprevistos que sempre aparecem. Planejar a última semana cheia é planejar atrasar. | E34: Média | F34: A fazer | G34: Time | H34: 0 | I34: Backlog | J34: 10 | K34: =IFERROR(INDEX(Cronograma!$B$8:$B$17,MATCH(J34,Cronograma!$A$8:$A$17,0)),"") -> 46349 | L34: =IFERROR(INDEX(Cronograma!$C$8:$C$17,MATCH(J34,Cronograma!$A$8:$A$17,0)),"") -> 46355 | M34: Nenhuma tarefa nova começada depois de 22/11.
A36: Esforço em horas é estimativa inicial, para dar ordem de grandeza. Origem "Análise 21/09" = item que não estava no backlog e entrou na revisão de 21/09/2026.

Sheet Cronograma
A1: Cronograma — 10 semanas até a entrega
A2: A data de início (C4) é o único valor fixo: todas as outras datas são calculadas a partir dela.
A4: Início do plano | C4: 46286
A5: Entrega | C5: 46357
A7: Semana | B7: Início | C7: Fim | D7: Foco da semana | E7: Tarefas | F7: Horas planejadas | G7: Concluídas | H7: Situação
A8: 1 | B8: =$C$4+7*(A8-1) -> 46286 | C8: =B8+6 -> 46292 | D8: Fechar pendências e destravar o time | E8: =COUNTIF(Tarefas!$J:$J,A8) -> 7 | F8: =SUMIF(Tarefas!$J:$J,A8,Tarefas!$H:$H) -> 3.85 | G8: =COUNTIFS(Tarefas!$J:$J,A8,Tarefas!$F:$F,"Concluído") -> 3 | H8: =IF(E8=0,"—",IF(G8=E8,"Fechada",IF(TODAY()>C8,"Atrasada",IF(TODAY()>=B8,"Em curso","Por vir")))) -> Em curso
A9: 2 | B9: =$C$4+7*(A9-1) -> 46293 | C9: =B9+6 -> 46299 | D9: Segurança | E9: =COUNTIF(Tarefas!$J:$J,A9) -> 4 | F9: =SUMIF(Tarefas!$J:$J,A9,Tarefas!$H:$H) -> 11 | G9: =COUNTIFS(Tarefas!$J:$J,A9,Tarefas!$F:$F,"Concluído") -> 1 | H9: =IF(E9=0,"—",IF(G9=E9,"Fechada",IF(TODAY()>C9,"Atrasada",IF(TODAY()>=B9,"Em curso","Por vir")))) -> Por vir
A10: 3 | B10: =$C$4+7*(A10-1) -> 46300 | C10: =B10+6 -> 46306 | D10: Publicar online | E10: =COUNTIF(Tarefas!$J:$J,A10) -> 4 | F10: =SUMIF(Tarefas!$J:$J,A10,Tarefas!$H:$H) -> 8.25 | G10: =COUNTIFS(Tarefas!$J:$J,A10,Tarefas!$F:$F,"Concluído") -> 0 | H10: =IF(E10=0,"—",IF(G10=E10,"Fechada",IF(TODAY()>C10,"Atrasada",IF(TODAY()>=B10,"Em curso","Por vir")))) -> Por vir
A11: 4 | B11: =$C$4+7*(A11-1) -> 46307 | C11: =B11+6 -> 46313 | D11: Validar em aparelho real | E11: =COUNTIF(Tarefas!$J:$J,A11) -> 2 | F11: =SUMIF(Tarefas!$J:$J,A11,Tarefas!$H:$H) -> 4 | G11: =COUNTIFS(Tarefas!$J:$J,A11,Tarefas!$F:$F,"Concluído") -> 0 | H11: =IF(E11=0,"—",IF(G11=E11,"Fechada",IF(TODAY()>C11,"Atrasada",IF(TODAY()>=B11,"Em curso","Por vir")))) -> Por vir
A12: 5 | B12: =$C$4+7*(A12-1) -> 46314 | C12: =B12+6 -> 46320 | D12: Teste com usuários reais | E12: =COUNTIF(Tarefas!$J:$J,A12) -> 1 | F12: =SUMIF(Tarefas!$J:$J,A12,Tarefas!$H:$H) -> 6 | G12: =COUNTIFS(Tarefas!$J:$J,A12,Tarefas!$F:$F,"Concluído") -> 0 | H12: =IF(E12=0,"—",IF(G12=E12,"Fechada",IF(TODAY()>C12,"Atrasada",IF(TODAY()>=B12,"Em curso","Por vir")))) -> Por vir
A13: 6 | B13: =$C$4+7*(A13-1) -> 46321 | C13: =B13+6 -> 46327 | D13: Corrigir o que o teste revelar + revisão de conteúdo | E13: =COUNTIF(Tarefas!$J:$J,A13) -> 3 | F13: =SUMIF(Tarefas!$J:$J,A13,Tarefas!$H:$H) -> 11 | G13: =COUNTIFS(Tarefas!$J:$J,A13,Tarefas!$F:$F,"Concluído") -> 0 | H13: =IF(E13=0,"—",IF(G13=E13,"Fechada",IF(TODAY()>C13,"Atrasada",IF(TODAY()>=B13,"Em curso","Por vir")))) -> Por vir
A14: 7 | B14: =$C$4+7*(A14-1) -> 46328 | C14: =B14+6 -> 46334 | D14: Folga de desenvolvimento / apoio à documentação | E14: =COUNTIF(Tarefas!$J:$J,A14) -> 2 | F14: =SUMIF(Tarefas!$J:$J,A14,Tarefas!$H:$H) -> 0.5 | G14: =COUNTIFS(Tarefas!$J:$J,A14,Tarefas!$F:$F,"Concluído") -> 0 | H14: =IF(E14=0,"—",IF(G14=E14,"Fechada",IF(TODAY()>C14,"Atrasada",IF(TODAY()>=B14,"Em curso","Por vir")))) -> Por vir
A15: 8 | B15: =$C$4+7*(A15-1) -> 46335 | C15: =B15+6 -> 46341 | D15: Slides e roteiro da demonstração | E15: =COUNTIF(Tarefas!$J:$J,A15) -> 3 | F15: =SUMIF(Tarefas!$J:$J,A15,Tarefas!$H:$H) -> 10 | G15: =COUNTIFS(Tarefas!$J:$J,A15,Tarefas!$F:$F,"Concluído") -> 0 | H15: =IF(E15=0,"—",IF(G15=E15,"Fechada",IF(TODAY()>C15,"Atrasada",IF(TODAY()>=B15,"Em curso","Por vir")))) -> Por vir
A16: 9 | B16: =$C$4+7*(A16-1) -> 46342 | C16: =B16+6 -> 46348 | D16: Ensaios e plano B | E16: =COUNTIF(Tarefas!$J:$J,A16) -> 3 | F16: =SUMIF(Tarefas!$J:$J,A16,Tarefas!$H:$H) -> 4.25 | G16: =COUNTIFS(Tarefas!$J:$J,A16,Tarefas!$F:$F,"Concluído") -> 0 | H16: =IF(E16=0,"—",IF(G16=E16,"Fechada",IF(TODAY()>C16,"Atrasada",IF(TODAY()>=B16,"Em curso","Por vir")))) -> Por vir
A17: 10 | B17: =$C$4+7*(A17-1) -> 46349 | C17: =B17+6 -> 46355 | D17: Folga — nenhuma tarefa nova | E17: =COUNTIF(Tarefas!$J:$J,A17) -> 1 | F17: =SUMIF(Tarefas!$J:$J,A17,Tarefas!$H:$H) -> 0 | G17: =COUNTIFS(Tarefas!$J:$J,A17,Tarefas!$F:$F,"Concluído") -> 0 | H17: =IF(E17=0,"—",IF(G17=E17,"Fechada",IF(TODAY()>C17,"Atrasada",IF(TODAY()>=B17,"Em curso","Por vir")))) -> Por vir
A18: Total | E18: =SUM(E8:E17) -> 30 | F18: =SUM(F8:F17) -> 58.85 | G18: =SUM(G8:G17) -> 4

Sheet Concluído
A1: O que já foi entregue
A2: Útil para a seção de desenvolvimento da monografia — cada linha aponta onde está a evidência no repositório.
A4: Data | B4: Entrega | C4: Área | D4: Onde está
A5: 46263 | B5: Escopo do MVP definido e fase 2 cortada | C5: Decisão | D5: PERFIL.md §4
A6: 46263 | B6: Stack decidida: PHP 8 + MySQL, sem framework | C6: Decisão | D6: PERFIL.md §7
A7: 46263 | B7: Correção dos bugs do protótipo herdado (farm de XP duplo, correção por substring, funções inexistentes, logout, autopromoção a professor, acentuação) | C7: Bug | D7: AI_HANDOFF.md
A8: 46263 | B8: Schema v2 do banco com migração | C8: Banco | D8: database/migracao_v1_para_v2.sql
A9: 46276 | B9: DEV-6 — código do aluno executado em Web Worker, correção no servidor | C9: Motor | D9: assets/js/executor.worker.js
A10: 46276 | B10: DEV-8 — resultado por caso de teste, sem revelar o caso oculto | C10: Motor | D10: assets/js/desafios.js
A11: 46276 | B11: Schema v3: provas de fim de nível e progressão sequencial | C11: Banco | D11: database/migracao_v2_para_v3.sql
A12: 46276 | B12: Front refeito seguindo os wireframes, com a logo | C12: Interface | D12: assets/css/styles.css
A13: 46284 | B13: DEV-2 — repositório Git privado no GitHub | C13: Infra | D13: github.com/martinsmurilo619-ship-it/devfox
A14: 46284 | B14: DEV-3 — data da entrega definida: 01/12/2026 | C14: Decisão | D14: AI_HANDOFF.md
A15: 46284 | B15: DEV-10/11 — 3 trilhas completas: 15 módulos, 63 atividades, 104 casos de teste | C15: Conteúdo | D15: tools/conteudo.py
A16: 46284 | B16: Validador de conteúdo: roda a solução de cada exercício contra os próprios casos | C16: Qualidade | D16: tools/validar_conteudo.js
... A25: 46286 | B25: Login e cadastro com ilustração de fundo; versão nos assets contra cache | C25: Interface | D25: login.php, cadastro.php, includes/ui.php (asset())
